id;SITE_ID;SysID;SiteName;NE_ID;NE_Name;FE_ID;FE_Name;HOP_ID_ DETAIL
1;MGR001;MGR001MD1;Manggar;MGR001;Manggar;MGR003;Gantung;MGR001<>MGR003_IPASO400_TELKOMSEL_150_7687
2;MGR001;MGR001MD1;Manggar;MGR003;Gantung;MGR012;Tanjung Batu Itam;MGR003<>MGR012_IPASO400_TELKOMSEL_100_7554
3;MGR001;MGR001MD1;Manggar;MGR012;Tanjung Batu Itam;MGR011;Dendang Belitung;MGR012<>MGR011_IPASO1000_TELKOMSEL_100_7526
4;MGR001;MGR001MD1;Manggar;MGR011;Dendang Belitung;TJN010;Membalong;MGR011<>TJN010_IPASO1000_TELKOMSEL_150_7484
5;MGR001;MGR001MD1;Manggar;TJN010;Membalong;TJN008;Pangkal Dudat Rep;TJN010<>TJN008_IPASO400_TELKOMSEL_150_7491
6;MGR001;MGR001MD1;Manggar;TJN008;Pangkal Dudat Rep;TJN012;Tanjung Pandan 3;TJN008<>TJN012_IPASO400_TELKOMSEL_150_76031
7;MGR001;MGR001MD1;Manggar;TJN012;Tanjung Pandan 3;TJN002;Tanjung Pandan II;TJN012<>TJN002_IPASO400_TELKOMSEL_50_12751
8;MGR002;MGR002MD1;Kelapa Kampit;MGR002;MGR002MD1_TSEL_KelapaKampit;MGR004;Buding;MGR002<>MGR004_MLTN_TELKOMSEL_200_7512
9;MGR002;MGR002MD1;Kelapa Kampit;MGR004;Buding;TJN027;Kacang Butor;MGR004<>TJN027_IPASO400_TELKOMSEL_150_7603
10;MGR002;MGR002MD1;Kelapa Kampit;TJN027;Kacang Butor;TJN020;Sungai Samak;TJN027<>TJN020_IPASO400_TELKOMSEL_150_7554
11;MGR002;MGR002MD1;Kelapa Kampit;TJN020;Sungai Samak;TJN002;Tanjung Pandan II;TJN020<>TJN002_IPASO400_TELKOMSEL_150_7498
12;MGR003;MGR003MD1;Gantung;MGR003;Gantung;MGR012;Tanjung Batu Itam;MGR003<>MGR012_IPASO400_TELKOMSEL_100_7554
13;MGR003;MGR003MD1;Gantung;MGR012;Tanjung Batu Itam;MGR011;Dendang Belitung;MGR012<>MGR011_IPASO1000_TELKOMSEL_100_7526
14;MGR003;MGR003MD1;Gantung;MGR011;Dendang Belitung;TJN010;Membalong;MGR011<>TJN010_IPASO1000_TELKOMSEL_150_7484
15;MGR003;MGR003MD1;Gantung;TJN010;Membalong;TJN008;Pangkal Dudat Rep;TJN010<>TJN008_IPASO400_TELKOMSEL_150_7491
16;MGR003;MGR003MD1;Gantung;TJN008;Pangkal Dudat Rep;TJN012;Tanjung Pandan 3;TJN008<>TJN012_IPASO400_TELKOMSEL_150_76031
17;MGR003;MGR003MD1;Gantung;TJN012;Tanjung Pandan 3;TJN002;Tanjung Pandan II;TJN012<>TJN002_IPASO400_TELKOMSEL_50_12751
18;MGR004;MGR004MG1;Buding;MGR004;Buding;TJN027;Kacang Butor;MGR004<>TJN027_IPASO400_TELKOMSEL_150_7603
19;MGR004;MGR004MG1;Buding;TJN027;Kacang Butor;TJN020;Sungai Samak;TJN027<>TJN020_IPASO400_TELKOMSEL_150_7554
20;MGR004;MGR004MG1;Buding;TJN020;Sungai Samak;TJN002;Tanjung Pandan II;TJN020<>TJN002_IPASO400_TELKOMSEL_150_7498
21;MGR007;MGR007MG1;Perumahan Mempaya;MGR007;Perumahan Mempaya;MGR025;Sukamandi;MGR007<>MGR025_IPASO1000_TELKOM_100_7742
22;MGR007;MGR007MG1;Perumahan Mempaya;MGR025;Sukamandi;MGR001;Manggar;MGR025<>MGR001_IPASO400_TELKOMSEL_50_7191
23;MGR007;MGR007MG1;Perumahan Mempaya;MGR001;Manggar;MGR018;Air Kelik;MGR001<>MGR018_IPASO400_TELKOMSEL_100_7491
24;MGR007;MGR007MG1;Perumahan Mempaya;MGR018;Air Kelik;MGR002;Kelapa Kampit;MGR018<>MGR002_MLTN_TELKOMSEL_200_7652
25;MGR007;MGR007MG1;Perumahan Mempaya;MGR002;Kelapa Kampit;MGR004;Buding;MGR002<>MGR004_MLTN_TELKOMSEL_200_7512
26;MGR007;MGR007MG1;Perumahan Mempaya;MGR004;Buding;TJN027;Kacang Butor;MGR004<>TJN027_IPASO400_TELKOMSEL_150_7603
27;MGR007;MGR007MG1;Perumahan Mempaya;TJN027;Kacang Butor;TJN020;Sungai Samak;TJN027<>TJN020_IPASO400_TELKOMSEL_150_7554
28;MGR007;MGR007MG1;Perumahan Mempaya;TJN020;Sungai Samak;TJN002;Tanjung Pandan II;TJN020<>TJN002_IPASO400_TELKOMSEL_150_7498
29;MGR008;MGR008MG1;MGR008MG1_TSEL_JangkarAsam;MGR008;MGR008MG1_TSEL_JangkarAsam;MGR003;Gantung;MGR008<>MGR003_IPASO400_TELKOMSEL_50_7498
30;MGR008;MGR008MG1;MGR008MG1_TSEL_JangkarAsam;MGR003;Gantung;MGR012;Tanjung Batu Itam;MGR003<>MGR012_IPASO400_TELKOMSEL_100_7554
31;MGR008;MGR008MG1;MGR008MG1_TSEL_JangkarAsam;MGR012;Tanjung Batu Itam;MGR011;Dendang Belitung;MGR012<>MGR011_IPASO1000_TELKOMSEL_100_7526
32;MGR008;MGR008MG1;MGR008MG1_TSEL_JangkarAsam;MGR011;Dendang Belitung;TJN010;Membalong;MGR011<>TJN010_IPASO1000_TELKOMSEL_150_7484
33;MGR008;MGR008MG1;MGR008MG1_TSEL_JangkarAsam;TJN010;Membalong;TJN008;Pangkal Dudat Rep;TJN010<>TJN008_IPASO400_TELKOMSEL_150_7491
34;MGR008;MGR008MG1;MGR008MG1_TSEL_JangkarAsam;TJN008;Pangkal Dudat Rep;TJN012;Tanjung Pandan 3;TJN008<>TJN012_IPASO400_TELKOMSEL_150_76031
35;MGR008;MGR008MG1;MGR008MG1_TSEL_JangkarAsam;TJN012;Tanjung Pandan 3;TJN002;Tanjung Pandan II;TJN012<>TJN002_IPASO400_TELKOMSEL_50_12751
36;MGR009;MGR009MG1;MGR009MG1_TSEL_Jangkang;MGR009;MGR009MG1_TSEL_Jangkang;MGR011;Dendang Belitung;MGR009<>MGR011_IPASO200_TELKOM_50_7247
37;MGR009;MGR009MG1;MGR009MG1_TSEL_Jangkang;MGR011;Dendang Belitung;TJN010;Membalong;MGR011<>TJN010_IPASO1000_TELKOMSEL_150_7484
38;MGR009;MGR009MG1;MGR009MG1_TSEL_Jangkang;TJN010;Membalong;TJN008;Pangkal Dudat Rep;TJN010<>TJN008_IPASO400_TELKOMSEL_150_7491
39;MGR009;MGR009MG1;MGR009MG1_TSEL_Jangkang;TJN008;Pangkal Dudat Rep;TJN012;Tanjung Pandan 3;TJN008<>TJN012_IPASO400_TELKOMSEL_150_76031
40;MGR009;MGR009MG1;MGR009MG1_TSEL_Jangkang;TJN012;Tanjung Pandan 3;TJN002;Tanjung Pandan II;TJN012<>TJN002_IPASO400_TELKOMSEL_50_12751
41;MGR010;MGR010MG1;MGR010MG1_TSEL_Kelubi;MGR010;MGR010MG1_TSEL_Kelubi;MGR001;Manggar;MGR010<>MGR001_IPASO400_TELKOMSEL_50_7470
42;MGR010;MGR010MG1;MGR010MG1_TSEL_Kelubi;MGR001;Manggar;MGR003;Gantung;MGR001<>MGR003_IPASO400_TELKOMSEL_150_7687
43;MGR010;MGR010MG1;MGR010MG1_TSEL_Kelubi;MGR003;Gantung;MGR012;Tanjung Batu Itam;MGR003<>MGR012_IPASO400_TELKOMSEL_100_7554
44;MGR010;MGR010MG1;MGR010MG1_TSEL_Kelubi;MGR012;Tanjung Batu Itam;MGR011;Dendang Belitung;MGR012<>MGR011_IPASO1000_TELKOMSEL_100_7526
45;MGR010;MGR010MG1;MGR010MG1_TSEL_Kelubi;MGR011;Dendang Belitung;TJN010;Membalong;MGR011<>TJN010_IPASO1000_TELKOMSEL_150_7484
46;MGR010;MGR010MG1;MGR010MG1_TSEL_Kelubi;TJN010;Membalong;TJN008;Pangkal Dudat Rep;TJN010<>TJN008_IPASO400_TELKOMSEL_150_7491
47;MGR010;MGR010MG1;MGR010MG1_TSEL_Kelubi;TJN008;Pangkal Dudat Rep;TJN012;Tanjung Pandan 3;TJN008<>TJN012_IPASO400_TELKOMSEL_150_76031
48;MGR010;MGR010MG1;MGR010MG1_TSEL_Kelubi;TJN012;Tanjung Pandan 3;TJN002;Tanjung Pandan II;TJN012<>TJN002_IPASO400_TELKOMSEL_50_12751
49;MGR011;MGR011MG1;Dendang Belitung;MGR011;Dendang Belitung;TJN010;Membalong;MGR011<>TJN010_IPASO1000_TELKOMSEL_150_7484
50;MGR011;MGR011MG1;Dendang Belitung;TJN010;Membalong;TJN008;Pangkal Dudat Rep;TJN010<>TJN008_IPASO400_TELKOMSEL_150_7491
51;MGR011;MGR011MG1;Dendang Belitung;TJN008;Pangkal Dudat Rep;TJN012;Tanjung Pandan 3;TJN008<>TJN012_IPASO400_TELKOMSEL_150_76031
52;MGR011;MGR011MG1;Dendang Belitung;TJN012;Tanjung Pandan 3;TJN002;Tanjung Pandan II;TJN012<>TJN002_IPASO400_TELKOMSEL_50_12751
53;MGR012;MGR012MG1;Tanjung Batu Itam;MGR012;Tanjung Batu Itam;MGR011;Dendang Belitung;MGR012<>MGR011_IPASO1000_TELKOMSEL_100_7526
54;MGR012;MGR012MG1;Tanjung Batu Itam;MGR011;Dendang Belitung;TJN010;Membalong;MGR011<>TJN010_IPASO1000_TELKOMSEL_150_7484
55;MGR012;MGR012MG1;Tanjung Batu Itam;TJN010;Membalong;TJN008;Pangkal Dudat Rep;TJN010<>TJN008_IPASO400_TELKOMSEL_150_7491
56;MGR012;MGR012MG1;Tanjung Batu Itam;TJN008;Pangkal Dudat Rep;TJN012;Tanjung Pandan 3;TJN008<>TJN012_IPASO400_TELKOMSEL_150_76031
57;MGR012;MGR012MG1;Tanjung Batu Itam;TJN012;Tanjung Pandan 3;TJN002;Tanjung Pandan II;TJN012<>TJN002_IPASO400_TELKOMSEL_50_12751
58;MGR013;MGR013MG1;Renggiang;MGR013;Renggiang;MGR003;Gantung;MGR013<>_IPASO1000_TELKOM_100_7836.65
59;MGR013;MGR013MG1;Renggiang;MGR003;Gantung;MGR012;Tanjung Batu Itam;MGR003<>MGR012_IPASO400_TELKOMSEL_100_7554
60;MGR013;MGR013MG1;Renggiang;MGR012;Tanjung Batu Itam;MGR011;Dendang Belitung;MGR012<>MGR011_IPASO1000_TELKOMSEL_100_7526
61;MGR013;MGR013MG1;Renggiang;MGR011;Dendang Belitung;TJN010;Membalong;MGR011<>TJN010_IPASO1000_TELKOMSEL_150_7484
62;MGR013;MGR013MG1;Renggiang;TJN010;Membalong;TJN008;Pangkal Dudat Rep;TJN010<>TJN008_IPASO400_TELKOMSEL_150_7491
63;MGR013;MGR013MG1;Renggiang;TJN008;Pangkal Dudat Rep;TJN012;Tanjung Pandan 3;TJN008<>TJN012_IPASO400_TELKOMSEL_150_76031
64;MGR013;MGR013MG1;Renggiang;TJN012;Tanjung Pandan 3;TJN002;Tanjung Pandan II;TJN012<>TJN002_IPASO400_TELKOMSEL_50_12751
65;MGR014;MGR014MG1;Tanjung Kelumpang;MGR014;Tanjung Kelumpang;MGR012;Tanjung Batu Hitam;MGR014<>MGR012_IPASO1000_TELKOM_100_7554
66;MGR014;MGR014MG1;Tanjung Kelumpang;MGR012;Tanjung Batu Itam;MGR011;Dendang Belitung;MGR012<>MGR011_IPASO1000_TELKOMSEL_100_7526
67;MGR014;MGR014MG1;Tanjung Kelumpang;MGR011;Dendang Belitung;TJN010;Membalong;MGR011<>TJN010_IPASO1000_TELKOMSEL_150_7484
68;MGR014;MGR014MG1;Tanjung Kelumpang;TJN010;Membalong;TJN008;Pangkal Dudat Rep;TJN010<>TJN008_IPASO400_TELKOMSEL_150_7491
69;MGR014;MGR014MG1;Tanjung Kelumpang;TJN008;Pangkal Dudat Rep;TJN012;Tanjung Pandan 3;TJN008<>TJN012_IPASO400_TELKOMSEL_150_76031
70;MGR014;MGR014MG1;Tanjung Kelumpang;TJN012;Tanjung Pandan 3;TJN002;Tanjung Pandan II;TJN012<>TJN002_IPASO400_TELKOMSEL_50_12751
71;MGR015;MGR015MG1;MGR015MG1_DMT_Lalang;MGR015;MGR015MG1_DMT_Lalang;MGR001;Manggar;MGR015<>MGR001_NEOC_TELKOMSEL_40_14641
72;MGR015;MGR015MG1;MGR015MG1_DMT_Lalang;MGR001;Manggar;MGR003;Gantung;MGR001<>MGR003_IPASO400_TELKOMSEL_150_7687
73;MGR015;MGR015MG1;MGR015MG1_DMT_Lalang;MGR003;Gantung;MGR012;Tanjung Batu Itam;MGR003<>MGR012_IPASO400_TELKOMSEL_100_7554
74;MGR015;MGR015MG1;MGR015MG1_DMT_Lalang;MGR012;Tanjung Batu Itam;MGR011;Dendang Belitung;MGR012<>MGR011_IPASO1000_TELKOMSEL_100_7526
75;MGR015;MGR015MG1;MGR015MG1_DMT_Lalang;MGR011;Dendang Belitung;TJN010;Membalong;MGR011<>TJN010_IPASO1000_TELKOMSEL_150_7484
76;MGR015;MGR015MG1;MGR015MG1_DMT_Lalang;TJN010;Membalong;TJN008;Pangkal Dudat Rep;TJN010<>TJN008_IPASO400_TELKOMSEL_150_7491
77;MGR015;MGR015MG1;MGR015MG1_DMT_Lalang;TJN008;Pangkal Dudat Rep;TJN012;Tanjung Pandan 3;TJN008<>TJN012_IPASO400_TELKOMSEL_150_76031
78;MGR015;MGR015MG1;MGR015MG1_DMT_Lalang;TJN012;Tanjung Pandan 3;TJN002;Tanjung Pandan II;TJN012<>TJN002_IPASO400_TELKOMSEL_50_12751
79;MGR016;MGR016MG1;MGR016MG1_TSEL_PadangSahagi;MGR016;MGR016MG1_TSEL_PadangSahagi;MGR001;Manggar;MGR016<>MGR001_IPASO1000_TELKOM_50_15131
80;MGR016;MGR016MG1;MGR016MG1_TSEL_PadangSahagi;MGR001;Manggar;MGR003;Gantung;MGR001<>MGR003_IPASO400_TELKOMSEL_150_7687
81;MGR016;MGR016MG1;MGR016MG1_TSEL_PadangSahagi;MGR003;Gantung;MGR012;Tanjung Batu Itam;MGR003<>MGR012_IPASO400_TELKOMSEL_100_7554
82;MGR016;MGR016MG1;MGR016MG1_TSEL_PadangSahagi;MGR012;Tanjung Batu Itam;MGR011;Dendang Belitung;MGR012<>MGR011_IPASO1000_TELKOMSEL_100_7526
83;MGR016;MGR016MG1;MGR016MG1_TSEL_PadangSahagi;MGR011;Dendang Belitung;TJN010;Membalong;MGR011<>TJN010_IPASO1000_TELKOMSEL_150_7484
84;MGR016;MGR016MG1;MGR016MG1_TSEL_PadangSahagi;TJN010;Membalong;TJN008;Pangkal Dudat Rep;TJN010<>TJN008_IPASO400_TELKOMSEL_150_7491
85;MGR016;MGR016MG1;MGR016MG1_TSEL_PadangSahagi;TJN008;Pangkal Dudat Rep;TJN012;Tanjung Pandan 3;TJN008<>TJN012_IPASO400_TELKOMSEL_150_76031
86;MGR016;MGR016MG1;MGR016MG1_TSEL_PadangSahagi;TJN012;Tanjung Pandan 3;TJN002;Tanjung Pandan II;TJN012<>TJN002_IPASO400_TELKOMSEL_50_12751
87;MGR017;MGR017MG1;MGR017MG1_TSEL_PT.SteelindoBelitung;MGR017;MGR017MG1_TSEL_PT.SteelindoBelitung;MGR004;Buding;MGR017<>MGR004_IPASO200_TELKOMSEL_50_7247
88;MGR017;MGR017MG1;MGR017MG1_TSEL_PT.SteelindoBelitung;MGR004;Buding;TJN027;Kacang Butor;MGR004<>TJN027_IPASO400_TELKOMSEL_150_7603
89;MGR017;MGR017MG1;MGR017MG1_TSEL_PT.SteelindoBelitung;TJN027;Kacang Butor;TJN020;Sungai Samak;TJN027<>TJN020_IPASO400_TELKOMSEL_150_7554
90;MGR017;MGR017MG1;MGR017MG1_TSEL_PT.SteelindoBelitung;TJN020;Sungai Samak;TJN002;Tanjung Pandan II;TJN020<>TJN002_IPASO400_TELKOMSEL_150_7498
91;MGR018;MGR018MG1;Air Kelik;MGR018;Air Kelik;MGR002;Kelapa Kampit;MGR018<>MGR002_MLTN_TELKOMSEL_200_7652
92;MGR018;MGR018MG1;Air Kelik;MGR002;Kelapa Kampit;MGR004;Buding;MGR002<>MGR004_MLTN_TELKOMSEL_200_7512
93;MGR018;MGR018MG1;Air Kelik;MGR004;Buding;TJN027;Kacang Butor;MGR004<>TJN027_IPASO400_TELKOMSEL_150_7603
94;MGR018;MGR018MG1;Air Kelik;TJN027;Kacang Butor;TJN020;Sungai Samak;TJN027<>TJN020_IPASO400_TELKOMSEL_150_7554
95;MGR018;MGR018MG1;Air Kelik;TJN020;Sungai Samak;TJN002;Tanjung Pandan II;TJN020<>TJN002_IPASO400_TELKOMSEL_150_7498
96;MGR019;MGR019MG1;MGR019MG1_TSEL_Selinsing;MGR019;MGR019MG1_TSEL_Selinsing;MGR001;Manggar;MGR019<>MGR001_IPASO400_TELKOMSEL_50_7296
97;MGR019;MGR019MG1;MGR019MG1_TSEL_Selinsing;MGR001;Manggar;MGR018;Air Kelik;MGR001<>MGR018_IPASO400_TELKOMSEL_100_7491
98;MGR019;MGR019MG1;MGR019MG1_TSEL_Selinsing;MGR018;Air Kelik;MGR002;Kelapa Kampit;MGR018<>MGR002_MLTN_TELKOMSEL_200_7652
99;MGR019;MGR019MG1;MGR019MG1_TSEL_Selinsing;MGR002;Kelapa Kampit;MGR004;Buding;MGR002<>MGR004_MLTN_TELKOMSEL_200_7512
100;MGR019;MGR019MG1;MGR019MG1_TSEL_Selinsing;MGR004;Buding;TJN027;Kacang Butor;MGR004<>TJN027_IPASO400_TELKOMSEL_150_7603
101;MGR019;MGR019MG1;MGR019MG1_TSEL_Selinsing;TJN027;Kacang Butor;TJN020;Sungai Samak;TJN027<>TJN020_IPASO400_TELKOMSEL_150_7554
102;MGR019;MGR019MG1;MGR019MG1_TSEL_Selinsing;TJN020;Sungai Samak;TJN002;Tanjung Pandan II;TJN020<>TJN002_IPASO400_TELKOMSEL_150_7498
103;MGR020;MGR020MG1;MGR020MG1_TSEL_Lintang;MGR020;Lintang;MGR003;Gantung;MGR020<>MGR003_IPASO400_TELKOM_50_7240
104;MGR020;MGR020MG1;MGR020MG1_TSEL_Lintang;MGR003;Gantung;MGR012;Tanjung Batu Itam;MGR003<>MGR012_IPASO400_TELKOMSEL_100_7554
105;MGR020;MGR020MG1;MGR020MG1_TSEL_Lintang;MGR012;Tanjung Batu Itam;MGR011;Dendang Belitung;MGR012<>MGR011_IPASO1000_TELKOMSEL_100_7526
106;MGR020;MGR020MG1;MGR020MG1_TSEL_Lintang;MGR011;Dendang Belitung;TJN010;Membalong;MGR011<>TJN010_IPASO1000_TELKOMSEL_150_7484
107;MGR020;MGR020MG1;MGR020MG1_TSEL_Lintang;TJN010;Membalong;TJN008;Pangkal Dudat Rep;TJN010<>TJN008_IPASO400_TELKOMSEL_150_7491
108;MGR020;MGR020MG1;MGR020MG1_TSEL_Lintang;TJN008;Pangkal Dudat Rep;TJN012;Tanjung Pandan 3;TJN008<>TJN012_IPASO400_TELKOMSEL_150_76031
109;MGR020;MGR020MG1;MGR020MG1_TSEL_Lintang;TJN012;Tanjung Pandan 3;TJN002;Tanjung Pandan II;TJN012<>TJN002_IPASO400_TELKOMSEL_50_12751
110;MGR021;MGR021MG1;MGR021MG1_TSEL_SimpangPesak;MGR021;MGR021MG1_TSEL_SimpangPesak;MGR011;Dendang Belitung;MGR021<>MGR011_IPASO400_TELKOM_50_7156
111;MGR021;MGR021MG1;MGR021MG1_TSEL_SimpangPesak;MGR011;Dendang Belitung;TJN010;Membalong;MGR011<>TJN010_IPASO1000_TELKOMSEL_150_7484
112;MGR021;MGR021MG1;MGR021MG1_TSEL_SimpangPesak;TJN010;Membalong;TJN008;Pangkal Dudat Rep;TJN010<>TJN008_IPASO400_TELKOMSEL_150_7491
113;MGR021;MGR021MG1;MGR021MG1_TSEL_SimpangPesak;TJN008;Pangkal Dudat Rep;TJN012;Tanjung Pandan 3;TJN008<>TJN012_IPASO400_TELKOMSEL_150_76031
114;MGR021;MGR021MG1;MGR021MG1_TSEL_SimpangPesak;TJN012;Tanjung Pandan 3;TJN002;Tanjung Pandan II;TJN012<>TJN002_IPASO400_TELKOMSEL_50_12751
115;MGR022;MGR022MG1;MGR022MG1_TSEL_Lilangan;MGR022;MGR022MG1_TSEL_Lilangan;MGR021;Simpang Pesak;MGR022<>MGR021_IPASO400_TELKOM_50_7135
116;MGR022;MGR022MG1;MGR022MG1_TSEL_Lilangan;MGR021;Simpang Pesak;MGR011;Dendang Belitung;MGR021<>MGR011_IPASO400_TELKOM_50_7156
117;MGR022;MGR022MG1;MGR022MG1_TSEL_Lilangan;MGR011;Dendang Belitung;TJN010;Membalong;MGR011<>TJN010_IPASO1000_TELKOMSEL_150_7484
118;MGR022;MGR022MG1;MGR022MG1_TSEL_Lilangan;TJN010;Membalong;TJN008;Pangkal Dudat Rep;TJN010<>TJN008_IPASO400_TELKOMSEL_150_7491
119;MGR022;MGR022MG1;MGR022MG1_TSEL_Lilangan;TJN008;Pangkal Dudat Rep;TJN012;Tanjung Pandan 3;TJN008<>TJN012_IPASO400_TELKOMSEL_150_76031
120;MGR022;MGR022MG1;MGR022MG1_TSEL_Lilangan;TJN012;Tanjung Pandan 3;TJN002;Tanjung Pandan II;TJN012<>TJN002_IPASO400_TELKOMSEL_50_12751
121;MGR023;MGR023MG1;Nyuruk;MGR023;Nyuruk;TJN006;Badau;MGR023<>TJN006_IPASO1000_TELKOM_100_7240
122;MGR023;MGR023MG1;Nyuruk;TJN006;Badau;TJN002;Tanjung Pandan II;TJN006<>TJN002_IPASO1000_TELKOMSEL_100_7747.7
123;MGR024;MGR024MG1;Bentaian;MGR024;Bentaian;MGR001;Manggar;MGR024<>MGR001_IPASO1000_TELKOM_100_7836.65
124;MGR024;MGR024MG1;Bentaian;MGR001;Manggar;MGR018;Air Kelik;MGR001<>MGR018_IPASO400_TELKOMSEL_100_7652
125;MGR024;MGR024MG1;Bentaian;MGR018;Air Kelik;MGR002;Kelapa Kampit;MGR018<>MGR002_MLTN_TELKOMSEL_200_7652
126;MGR024;MGR024MG1;Bentaian;MGR002;Kelapa Kampit;MGR004;Buding;MGR002<>MGR004_MLTN_TELKOMSEL_200_7512
127;MGR024;MGR024MG1;Bentaian;MGR004;Buding;TJN027;Kacang Butor;MGR004<>TJN027_IPASO400_TELKOMSEL_150_7603
128;MGR024;MGR024MG1;Bentaian;TJN027;Kacang Butor;TJN020;Sungai Samak;TJN027<>TJN020_IPASO400_TELKOMSEL_150_7554
129;MGR024;MGR024MG1;Bentaian;TJN020;Sungai Samak;TJN002;Tanjung Pandan II;TJN020<>TJN002_IPASO400_TELKOMSEL_150_7498
130;MGR025;MGR025MG1;MGR025MG1_TSEL_Sukamandi;MGR025;MGR025MG1_TSEL_Sukamandi;MGR001;Manggar;MGR025<>MGR001_IPASO200_TELKOMSEL_50_7191
131;MGR025;MGR025MG1;MGR025MG1_TSEL_Sukamandi;MGR001;Manggar;MGR018;Air Kelik;MGR001<>MGR018_IPASO400_TELKOMSEL_150_7652
132;MGR025;MGR025MG1;MGR025MG1_TSEL_Sukamandi;MGR018;Air Kelik;MGR002;Kelapa Kampit;MGR018<>MGR002_MLTN_TELKOMSEL_50_7652
133;MGR025;MGR025MG1;MGR025MG1_TSEL_Sukamandi;MGR002;Kelapa Kampit;MGR004;Buding;MGR002<>MGR004_MLTN_TELKOMSEL_50_7512
134;MGR025;MGR025MG1;MGR025MG1_TSEL_Sukamandi;MGR004;Buding;TJN027;Kacang Butor;MGR004<>TJN027_IPASO400_TELKOMSEL_150_7603
135;MGR025;MGR025MG1;MGR025MG1_TSEL_Sukamandi;TJN027;Kacang Butor;TJN020;Sungai Samak;TJN027<>TJN020_IPASO400_TELKOMSEL_150_7554
136;MGR025;MGR025MG1;MGR025MG1_TSEL_Sukamandi;TJN020;Sungai Samak;TJN002;Tanjung Pandan II;TJN020<>TJN002_IPASO400_TELKOMSEL_150_7498
137;MGR026;MGR026MG1;MGR026MG1_PRO_DesaBaru;MGR026;MGR026MG1_PRO_DesaBaru;MGR001;Manggar;MGR026<>MGR001_IPASO200_TELKOMSEL_50_14417
138;MGR026;MGR026MG1;MGR026MG1_PRO_DesaBaru;MGR001;Manggar;MGR018;Air Kelik;MGR001<>MGR018_IPASO400_TELKOMSEL_150_7652
139;MGR026;MGR026MG1;MGR026MG1_PRO_DesaBaru;MGR018;Air Kelik;MGR002;Kelapa Kampit;MGR018<>MGR002_MLTN_TELKOMSEL_50_7652
140;MGR026;MGR026MG1;MGR026MG1_PRO_DesaBaru;MGR002;Kelapa Kampit;MGR004;Buding;MGR002<>MGR004_MLTN_TELKOMSEL_50_7512
141;MGR026;MGR026MG1;MGR026MG1_PRO_DesaBaru;MGR004;Buding;TJN027;Kacang Butor;MGR004<>TJN027_IPASO400_TELKOMSEL_150_7603
142;MGR026;MGR026MG1;MGR026MG1_PRO_DesaBaru;TJN027;Kacang Butor;TJN020;Sungai Samak;TJN027<>TJN020_IPASO400_TELKOMSEL_150_7554
143;MGR026;MGR026MG1;MGR026MG1_PRO_DesaBaru;TJN020;Sungai Samak;TJN002;Tanjung Pandan II;TJN020<>TJN002_IPASO400_TELKOMSEL_150_7498
144;MGR027;MGR027MG1;MGR027MG1_TSEL_DesaSimpangTiga;MGR027;MGR027MG1_TSEL_DesaSimpangTiga;TJN006;Badau;MGR027<>TJN006_IPASO400_TELKOM_50_8266.57
145;MGR027;MGR027MG1;MGR027MG1_TSEL_DesaSimpangTiga;TJN006;Badau;TJN002;Tanjung Pandan II;TJN006<>TJN002_IPASO400_TELKOMSEL_100_8059.02
146;MGR028;MGR028MG1;MGR028MG1_PRO_ManggarBarat;MGR028;MGR028MG1_PRO_ManggarBarat;MGR001;Manggar;MGR028<>MGR001_IPASO200_TELKOMSEL_50_22022
147;MGR028;MGR028MG1;MGR028MG1_PRO_ManggarBarat;MGR001;Manggar;MGR018;Air Kelik;MGR001<>MGR018_IPASO400_TELKOMSEL_150_7652
148;MGR028;MGR028MG1;MGR028MG1_PRO_ManggarBarat;MGR018;Air Kelik;MGR002;Kelapa Kampit;MGR018<>MGR002_MLTN_TELKOMSEL_50_7652
149;MGR028;MGR028MG1;MGR028MG1_PRO_ManggarBarat;MGR002;Kelapa Kampit;MGR004;Buding;MGR002<>MGR004_MLTN_TELKOMSEL_50_7512
150;MGR028;MGR028MG1;MGR028MG1_PRO_ManggarBarat;MGR004;Buding;TJN027;Kacang Butor;MGR004<>TJN027_IPASO400_TELKOMSEL_150_7603
151;MGR028;MGR028MG1;MGR028MG1_PRO_ManggarBarat;TJN027;Kacang Butor;TJN020;Sungai Samak;TJN027<>TJN020_IPASO400_TELKOMSEL_150_7554
152;MGR028;MGR028MG1;MGR028MG1_PRO_ManggarBarat;TJN020;Sungai Samak;TJN002;Tanjung Pandan II;TJN020<>TJN002_IPASO400_TELKOMSEL_150_7498
153;MGR029;MGR029MG1;MGR029MG1_TBG_RanggiangGantung;MGR029;MGR029MG1_TBG_RanggiangGantung;MGR010;Kelubi;MGR029<>MGR010_IPASO200_TELKOMSEL_50_7135
154;MGR029;MGR029MG1;MGR029MG1_TBG_RanggiangGantung;MGR010;MGR010MG1_TSEL_Kelubi;MGR001;Manggar;MGR010<>MGR001_IPASO400_TELKOMSEL_50_7470
155;MGR029;MGR029MG1;MGR029MG1_TBG_RanggiangGantung;MGR001;Manggar;MGR003;Gantung;MGR001<>MGR003_IPASO400_TELKOMSEL_150_7687
156;MGR029;MGR029MG1;MGR029MG1_TBG_RanggiangGantung;MGR003;Gantung;MGR012;Tanjung Batu Itam;MGR003<>MGR012_IPASO400_TELKOMSEL_100_7554
157;MGR029;MGR029MG1;MGR029MG1_TBG_RanggiangGantung;MGR012;Tanjung Batu Itam;MGR011;Dendang Belitung;MGR012<>MGR011_IPASO1000_TELKOMSEL_100_7526
158;MGR029;MGR029MG1;MGR029MG1_TBG_RanggiangGantung;MGR011;Dendang Belitung;TJN010;Membalong;MGR011<>TJN010_IPASO1000_TELKOMSEL_150_7484
159;MGR029;MGR029MG1;MGR029MG1_TBG_RanggiangGantung;TJN010;Membalong;TJN008;Pangkal Dudat Rep;TJN010<>TJN008_IPASO400_TELKOMSEL_150_7491
160;MGR029;MGR029MG1;MGR029MG1_TBG_RanggiangGantung;TJN008;Pangkal Dudat Rep;TJN012;Tanjung Pandan 3;TJN008<>TJN012_IPASO400_TELKOMSEL_150_76031
161;MGR029;MGR029MG1;MGR029MG1_TBG_RanggiangGantung;TJN012;Tanjung Pandan 3;TJN002;Tanjung Pandan II;TJN012<>TJN002_IPASO400_TELKOMSEL_50_12751
162;MGR030;MGR030MG1;MGR030MG1_TBG_CendilBunding;MGR030;MGR030MG1_TBG_CendilBunding;MGR004;Buding;MGR030<>MGR004_IPASO200_TELKOMSEL_50_14753
163;MGR030;MGR030MG1;MGR030MG1_TBG_CendilBunding;MGR004;Buding;TJN016;Pelepat Putih;MGR004<>TJN016_IPASO400_TELKOMSEL_150_7135
164;MGR030;MGR030MG1;MGR030MG1_TBG_CendilBunding;TJN016;Pelepat Putih;TJN011;Sijuk;TJN016<>TJN011_IPASO400_TELKOMSEL_150_7732.875
165;MGR030;MGR030MG1;MGR030MG1_TBG_CendilBunding;TJN011;Sijuk;TJN004;Bukit Brahu;TJN011<>TJN004_IPASO400_TELKOMSEL_150_7995.25
166;MGR030;MGR030MG1;MGR030MG1_TBG_CendilBunding;TJN004;Bukit Brahu;TJN002;Tanjung Pandan II;TJN004<>TJN002_IPASO400_TELKOMSEL_150_7747.7
167;TJN001;TJN001MD1;STO Tj Pandan;TJN001;STO Tj Pandan;TJN002;Tanjung Pandan II;TJN001<>TJN002_MetroE_Telkom_150_GPON(829)
168;TJN002;TJN002MD1;Tanjung Pandan II;TJN002;Tanjung Pandan II;TJN002;Tanjung Pandan II;TJN002<>TJN002_Via LAN_Telkomsel_1000_N/A
169;TJN004;TJN004MG1;Perawas;TJN003;Perawas;TJN002;Tanjung Pandan II;TJN003<>TJN002_MetroE_Telkom_50_GPON(821)
170;TJN006;TJN006MG1;Bukit Brahu;TJN004;Bukit Brahu;TJN002;Tanjung Pandan II;TJN004<>TJN002_IPASO400_TELKOMSEL_150_7687
171;TJN008;TJN008MG1;Badau;TJN006;Badau;TJN002;Tanjung Pandan II;TJN006<>TJN002_IPASO400_TELKOMSEL_100_8059.02
172;TJN008;TJN008MG1;Pangkal Dudat Rep;TJN008;Pangkal Dudat Rep;TJN012;Tanjung Pandan 3;TJN008<>TJN012_IPASO400_TELKOMSEL_150_7603
173;TJN010;TJN010MG1;Pangkal Dudat Rep;TJN012;Tanjung Pandan 3;TJN002;Tanjung Pandan II;TJN012<>TJN002_IPASO400_Telkom_50_12751
174;TJN010;TJN010MG1;Membalong;TJN010;Membalong;TJN008;Pangkal Dudat Rep;TJN010<>TJN008_IPASO400_TELKOMSEL_150_7491
175;TJN010;TJN010MG1;Membalong;TJN008;Pangkal Dudat Rep;TJN012;Tanjung Pandan 3;TJN008<>TJN012_IPASO400_TELKOMSEL_150_7603
176;TJN011;TJN011MG1;Membalong;TJN012;Tanjung Pandan 3;TJN002;Tanjung Pandan II;TJN012<>TJN002_IPASO400_Telkom_50_12751
177;TJN011;TJN011MG1;Sijuk;TJN011;Sijuk;TJN004;Bukit Brahu;TJN011<>TJN004_IPASO400_TELKOMSEL_50_7955.25
178;TJN011;TJN011MG1;Sijuk;TJN004;Bukit Brahu;TJN002;Tanjung Pandan II;TJN004<>TJN002_IPASO400_TELKOMSEL_150_7687
179;TJN012;TJN012MD1;Tanjung Pandan 3;TJN012;Tanjung Pandan 3;TJN002;Tanjung Pandan II;TJN012<>TJN002_MetroE_Telkom_150_GPON(821)
180;TJN013;TJN013MG1;Lassar;TJN013;Lassar;TJN008;Pangkal dudat rep;TJN013<>TJN008_Ipaso1000_TELKOM_100_7442.00
181;TJN013;TJN013MG1;Lassar;TJN008;Pangkal Dudat Rep;TJN012;Tanjung Pandan 3;TJN008<>TJN012_IPASO400_Telkomsel_150_7603.00
182;TJN013;TJN013MG1;Lassar;TJN012;Tanjung Pandan 3;TJN002;Tanjung Pandan II;TJN012<>TJN002_IPASO400_TELKOM_150_12751.00
183;TJN014;TJN014MG1;Pulau Nasik;TJN014;Pulau Nasik;TJN012;Tanjung Pandan 3;TJN014<>TJN012_MLTN_TELKOMSEL_100_7296
184;TJN014;TJN014MG1;Pulau Nasik;TJN012;Tanjung Pandan 3;TJN002;Tanjung Pandan II;TJN012<>TJN002_IPASO400_Telkom_50_12751
185;TJN015;TJN015MG1;Simpang Rusa;TJN015;Simpang Rusa;TJN008;Pangkal dudat rep;TJN008<>TJN015<>TJN008_Ipaso1000_Telkom_100_7554
186;TJN015;TJN015MG1;Simpang Rusa;TJN008;Pangkal Dudat Rep;TJN012;Tanjung Pandan 3;TJN012<>TJN008<>TJN012_IPASO400_TELKOMSEL_150_7603
187;TJN015;TJN015MG1;Simpang Rusa;TJN012;Tanjung Pandan 3;TJN002;Tanjung Pandan II;TJN012<>TJN002_IPASO400_TELKOM_150_12751.00
188;TJN016;TJN016MG1;Pelepat Putih;TJN016;Pelepat Putih;TJN011;Sijuk;TJN016<>TJN011_IPASO400_TELKOMSEL_150_7732.875
189;TJN016;TJN016MG1;Pelepat Putih;TJN011;Sijuk;TJN004;Bukit Brahu;TJN011<>TJN004_IPASO400_TELKOMSEL_50_7955.25
190;TJN016;TJN016MG1;Pelepat Putih;TJN004;Bukit Brahu;TJN002;Tanjung Pandan II;TJN004<>TJN002_IPASO400_TELKOMSEL_50_7687
191;TJN019;TJN019MG1;Buluh Tumbang;TJN019;Buluh Tumbang;TJN002;Tanjung Pandan II;TJN019<>TJN002_MetroE_Telkom_150_GPON(829)
192;TJN020;TJN020MG1;Sungai Samak;TJN020;Sungai Samak;TJN002;Tanjung Pandan II;TJN020<>TJN002_IPASO400_TELKOMSEL_150_7498
193;TJN021;TJN021MG1;Seruk Sadian;TJN021;Seruk Sadian;TJN002;Tanjung Pandan II;TJN002<>TJN021<>TJN002_Ipaso1000_Telkom_100_7240
194;TJN022;TJN022MG1;Sungai Padang;TJN022;Sungai Padang;TJN045;TJN045MG1_TBG_GunungLangir;TJN045<>TJN022<>TJN045_Ipaso400_Telkom_100_7247
195;TJN022;TJN022MG1;Sungai Padang;TJN045;TJN045MG1_TBG_GunungLangir;TJN011;Sijuk;TJN011<>TJN045<>TJN011_Ipaso400_Telkomsel_50_7128
196;TJN022;TJN022MG1;Sungai Padang;TJN011;Sijuk;TJN004;Bukit Brahu;TJN004<>TJN011<>TJN004_IPASO400_TELKOMSEL_50_7955.25
197;TJN022;TJN022MG1;Sungai Padang;TJN004;Bukit Brahu;TJN002;Tanjung Pandan II;TJN002<>TJN004<>TJN002_IPASO400_TELKOMSEL_150_7687
198;TJN023;TJN023MG1;Tanjung Kelayang;TJN023;Tanjung Kelayang;TJN004;Bukit Brahu;TJN023<>TJN004_NEOC_TELKOMSEL_40_7470
199;TJN023;TJN023MG1;Tanjung Kelayang;TJN004;Bukit Brahu;TJN002;Tanjung Pandan II;TJN004<>TJN002_IPASO400_TELKOMSEL_150_7687
200;TJN024;TJN024MG1;Kembiri;TJN024;Kembiri;TJN010;Membalong;TJN024<>TJN010_IPASO400_Telkom_50_7352
201;TJN024;TJN024MG1;Kembiri;TJN010;Membalong;TJN008;Pangkal Dudat Rep;TJN010<>TJN008_IPASO400_TELKOMSEL_150_7491
202;TJN024;TJN024MG1;Kembiri;TJN008;Pangkal Dudat Rep;TJN012;Tanjung Pandan 3;TJN008<>TJN012_IPASO400_TELKOMSEL_150_7603
203;TJN024;TJN024MG1;Kembiri;TJN012;Tanjung Pandan 3;TJN002;Tanjung Pandan II;TJN012<>TJN002_IPASO400_Telkom_50_12751
204;TJN025;TJN025MG1;Tanjung Rusa;TJN025;Tanjung Rusa;MGR011;Dendang Belitung;MGR011<>TJN025<>MGR011_IPASO1000_Telkom_100_7456
205;TJN025;TJN025MG1;Tanjung Rusa;MGR011;Dendang Belitung;TJN010;Membalong;TJN010<>MGR011<>TJN010_Ipaso1000_Telkomsel_100_7484
206;TJN025;TJN025MG1;Tanjung Rusa;TJN010;Membalong;TJN008;Pangkal Dudat Rep;TJN008<>TJN010<>TJN008_IPASO400_TELKOMSEL_150_7491
207;TJN025;TJN025MG1;Tanjung Rusa;TJN008;Pangkal Dudat Rep;TJN012;Tanjung Pandan 3;TJN012<>TJN008<>TJN012_IPASO400_TELKOMSEL_150_7603
208;TJN025;TJN025MG1;Tanjung Rusa;TJN012;Tanjung Pandan 3;TJN002;Tanjung Pandan II;TJN012<>TJN002_IPASO400_TELKOM_150_12751.00
209;TJN026;TJN026MG1;Mempiu;TJN026;Mempiu;TJN002;Tanjung Pandan II;TJN026<>TJN002_IPASO400_TELKOMSEL_50_7296
210;TJN027;TJN027MG1;Kacang Butor;TJN027;Kacang Butor;TJN020;Sungai Selan;TJN027<>TJN020_IPASO400_TELKOMSEL_150_7754
211;TJN027;TJN027MG1;Kacang Butor;TJN020;Sungai Selan;TJN002;Tanjung Pandan II;TJN020<>TJN002_IPASO400_TELKOMSEL_150_7498
212;TJN028;TJN028MG1;Cendil;TJN028;Cendil;MGR004;Buding;MGR004<>TJN028<>MGR004_Ipaso1000_Telkom_100_7442
213;TJN028;TJN028MG1;Cendil;MGR004;Buding;TJN016;Pelepat Putih;TJN016<>MGR004<>TJN016_IPASO400_TELKOMSEL_150_7135
214;TJN028;TJN028MG1;Cendil;TJN016;Pelepat Putih;TJN011;Sijuk;TJN011<>TJN016<>TJN011_IPASO400_TELKOMSEL_150_7732.875
215;TJN028;TJN028MG1;Cendil;TJN011;Sijuk;TJN004;Bukit Brahu;TJN004<>TJN011<>TJN004_IPASO400_TELKOMSEL_50_7955.25
216;TJN028;TJN028MG1;Cendil;TJN004;Bukit Brahu;TJN002;Tanjung Pandan II;TJN002<>TJN004<>TJN002_IPASO400_TELKOMSEL_150_7687
217;TJN030;TJN030MG1;Dukong;TJN030;Dukong;TJN002;Tanjung Pandan II;TJN030<>TJN002_MetroE_Telkom_100_GPON(821)
218;TJN031;TJN031MG1;Pegantungan;TJN031;Pegantungan;TJN020;Sungai Samak;TJN031<>TJN020_Ipaso400_Telkom_100_7659
219;TJN031;TJN031MG1;Pegantungan;TJN020;Sungai Samak;TJN002;Tanjung Pandan II;TJN020<>TJN002_IPASO400_TELKOMSEL_150_7498
220;TJN032;TJN032MG1;Batu Hitam;TJN032;Batu Hitam;TJN002;Tanjung Pandan II;TJN032<>TJN002_NEOC_Telkomsel_40_15243
221;TJN032;TJN032MG1;Batu Hitam;TJN012;Tanjung Pandan 3;TJN002;Tanjung Pandan II;TJN012<>TJN002_IPASO400_Telkom_50_12751
222;TJN033;TJN033MG1;Mengkubang;TJN033;Mengkubang;MGR025;Sukamandi;TJN033<>MGR025_NEOC_TELKOMSEL_40_7526
223;TJN033;TJN033MG1;Mengkubang;MGR025;Sukamandi;MGR001;Manggar;MGR025<>MGR001_Ipaso200_TELKOMSEL_50_7191
224;TJN033;TJN033MG1;Mengkubang;MGR001;Manggar;MGR018;Air Kelik;MGR001<>MGR018_IPASO400_TELKOMSEL_50_7491
225;TJN033;TJN033MG1;Mengkubang;MGR018;Air Kelik;MGR002;Kelapa Kampit;MGR018<>MGR002_Ipaso400_Telkom_50_7352
226;TJN033;TJN033MG1;Mengkubang;MGR002;Kelapa Kampit;MGR004;Buding;MGR002<>MGR004_IPASO400_Telkom_50_7603
227;TJN033;TJN033MG1;Mengkubang;MGR004;Buding;TJN016;Pelepat Putih;MGR004<>TJN016_IPASO400_TELKOMSEL_150_7135
228;TJN033;TJN033MG1;Mengkubang;TJN016;Pelepat Putih;TJN011;Sijuk;TJN016<>TJN011_IPASO400_TELKOMSEL_150_7732.875
229;TJN033;TJN033MG1;Mengkubang;TJN011;Sijuk;TJN004;Bukit Brahu;TJN011<>TJN004_IPASO400_TELKOMSEL_50_7955.25
230;TJN033;TJN033MG1;Mengkubang;TJN004;Bukit Brahu;TJN002;Tanjung Pandan II;TJN004<>TJN002_IPASO400_TELKOMSEL_150_7687
231;TJN034;TJN034MG1;Desa Parit;TJN034;Desa Parit;TJN002;Tanjung Pandan II;TJN034<>TJN002_MetroE_Telkom_150_GPON(829)
232;TJN035;TJN035MG1;Dokter Susilo;TJN035;Dokter Susilo;TJN002;Tanjung Pandan II;TJN035<>TJN002_MetroE_Telkom_150_GPON(829)
233;TJN036;TJN036MG1;Terong;TJN036;Terong;TJN012;Tanjung Pandan 3;TJN036<>TJN012_IPASO400_Telkom_100_100
234;TJN036;TJN036MG1;Terong;TJN012;Tanjung Pandan 3;TJN002;Tanjung Pandan II;TJN012<>TJN002_IPASO400_Telkom_50_12751
235;TJN037;TJN037MG1;Simpang Membalong;TJN037;Simpang Membalong;TJN002;Tanjung Pandan II;TJN037<>TJN002_MetroE_Telkom_50_GPON(821)
236;TJN038;TJN038MG1;Air Seruk;TJN038;Air Seruk;TJN002;Tanjung Pandan II;TJN038<>TJN002_Ipaso200_TELKOMSEL_50_14529
237;TJN039;TJN039MD1;Pangkal Alang;TJN039;Pangkal Alang;TJN002;Tanjung Pandan II;TJN039<>TJN002_MetroE_Telkom_150_GPON(821)
238;TJN040;TJN040MG1;Marakas;TJN040;Marakas;TJN002;Tanjung Pandan II;TJN040<>TJN002_MetroE_Telkom_100_GPON(821)
239;TJN041;TJN041MG1;Limau Manis;TJN041;Limau Manis;MGR004;Buding;TJN041<>MGR004_Ipaso400_TELKOMSEL_50_7191
240;TJN041;TJN041MG1;Limau Manis;MGR004;Buding;TJN016;Pelepat Putih;MGR004<>TJN016_Ipaso400_TELKOMSEL_150_7135
241;TJN041;TJN041MG1;Limau Manis;TJN016;Pelepat Putih;TJN011;Sijuk;TJN016<>TJN011_IPASO400_TELKOMSEL_150_7732.875
242;TJN041;TJN041MG1;Limau Manis;TJN011;Sijuk;TJN004;Bukit Brahu;TJN011<>TJN004_IPASO400_TELKOMSEL_50_7955.25
243;TJN041;TJN041MG1;Limau Manis;TJN004;Bukit Brahu;TJN002;Tanjung Pandan II;TJN004<>TJN002_IPASO400_TELKOMSEL_150_7687
244;TJN042;TJN042MG1;Air Kundul;TJN042;Air Kundul;TJN010;Membalong;TJN042<>TJN010_Ipaso200_TELKOMSEL_150_7135
245;TJN042;TJN042MG1;Air Kundul;TJN010;Membalong;TJN008;Pangkal Dudat Rep;TJN010<>TJN008_IPASO400_TELKOMSEL_150_7491
246;TJN042;TJN042MG1;Air Kundul;TJN008;Pangkal Dudat Rep;TJN012;Tanjung Pandan 3;TJN008<>TJN012_IPASO400_TELKOMSEL_150_7603
247;TJN042;TJN042MG1;Air Kundul;TJN012;Tanjung Pandan 3;TJN002;Tanjung Pandan II;TJN012<>TJN002_IPASO400_Telkom_50_12751
248;TJN044;TJN044MG1;Air Selumar;TJN044;Air Selumar;TJN002;Tanjung Pandan II;TJN044<>TJN002_IPASO200_Telkomsel_50_7603
249;TJN044;TJN044MG1;Air Selumar;TJN011;Sijuk;TJN004;Bukit Brahu;TJN011<>TJN004_IPASO400_TELKOMSEL_50_7955.25
250;TJN044;TJN044MG1;Air Selumar;TJN004;Bukit Brahu;TJN002;Tanjung Pandan II;TJN004<>TJN002_IPASO400_TELKOMSEL_150_7687
251;TJN045;TJN045MG1;Gunung Langir;TJN045;Gunung Langir;TJN011;Sijuk;TJN045<>TJN011_IPASO401_TELKOMSEL_100_7128
252;TJN045;TJN045MG1;Gunung Langir;TJN011;Sijuk;TJN004;Bukit Berahu;TJN011<>TJN004_IPASO402_TELKOMSEL_150_7995.25
253;TJN045;TJN045MG1;Gunung Langir;TJN004;Bukit Berahu;TJN002;Tanjung Pandan II;TJN004<>TJN002_IPASO403_TELKOMSEL_150_7747.7
254;TJN046;TJN046MG1;Air Malik;TJN046;Air Malik;TJN026;TJN026MG1_TSEL_Mempiu;TJN046<>TJN026_IPASO400_TELKOMSEL_50_14775
255;TJN046;TJN046MG1;Air Malik;TJN026;Mempiu;TJN002;Tanjung Pandan II;TJN026<>TJN002_IPASO400_TELKOMSEL_50_7296
256;TJN047;TJN047MG1;Air Kalah;TJN047;Air Kalah;TJN016;Pelepat Putih;TJN047<>TJN016_Ipaso200_TELKOMSEL_50_14529
257;TJN047;TJN047MG1;Air Kalah;TJN016;Pelepat Putih;TJN011;Sijuk;TJN016<>TJN011_IPASO400_TELKOMSEL_150_7732.875
258;TJN047;TJN047MG1;Air Kalah;TJN011;Sijuk;TJN004;Bukit Brahu;TJN011<>TJN004_IPASO400_TELKOMSEL_50_7955.25
259;TJN047;TJN047MG1;Air Kalah;TJN004;Bukit Brahu;TJN002;Tanjung Pandan II;TJN004<>TJN002_IPASO400_TELKOMSEL_150_7687
260;TJN053;TJN053MG1;Suak Gual;TJN053;Suak Gual;TJN014;TJN014MG1_TSEL_PulauNasik;TJN053<>TJN014_Ipaso200_Telkomsel_50_7135
261;TJN053;TJN053MG1;Suak Gual;TJN014;Pulau Nasik;TJN012;Tanjung Pandan 3;TJN014<>TJN012_MLTN_TELKOMSEL_100_7296
262;TJN053;TJN053MG1;Suak Gual;TJN012;Tanjung Pandan 3;TJN002;Tanjung Pandan II;TJN012<>TJN002_IPASO400_Telkom_50_12751
263;TJN054;TJN054MD1;Depati Rahat ;TJN054;Depati Rahat ;TJN049;Simpang Taman Pandan;TJN054<>TJN049_Ipaso200_TELKOMSEL_150_23562
264;TJN054;TJN054MD1;Depati Rahat ;TJN049;Simpang Taman Pandan;TJN002;Tanjung Pandan II;TJN049<>TJN002_Ipaso200_TELKOMSEL_100_14557
265;TJN065;TJN065MG1;PULAU SELIU;TJN065;PULAU SELIU;TJN010;Membalong;TJN065<>TJN010_IPASO400_Telkom_50_7554
266;TJN065;TJN065MG1;PULAU SELIU;TJN010;Membalong;TJN008;Pangkal dudat rep;TJN010<>TJN008_IPASO400_TELKOMSEL_150_7491
267;TJN065;TJN065MG1;PULAU SELIU;TJN008;Pangkal dudat rep;TJN012;Tanjung Pandan 3;TJN008<>TJN012_IPASO400_TELKOMSEL_150_7603
268;TJN065;TJN065MG1;PULAU SELIU;TJN012;Tanjung Pandan 3;TJN002;Tanjung Pandan II;TJN012<>TJN002_IPASO400_Telkom_50_12751
269;TJN067;TJN067MG1;Desa Kepicut;TJN067;Desa Kepicut;TJN011;Sijuk;TJN067<>TJN011_IPASO400_Telkom_50_7359
270;TJN067;TJN067MG1;Desa Kepicut;TJN011;Sijuk;TJN004;Bukit Brahu;TJN011<>TJN004_IPASO400_TELKOMSEL_50_7955.25
271;TJN067;TJN067MG1;Desa Kepicut;TJN004;Bukit Brahu;TJN002;Tanjung Pandan II;TJN004<>TJN002_IPASO400_TELKOMSEL_150_7687
